2018-05-12 17:35:16+08:00,6666,31.914278,118.782328
2018-05-12 17:35:16+08:00,6666,31.914313,118.782916
2018-05-12 17:35:16+08:00,6666,31.914554,118.782303
2018-05-12 17:35:16+08:00,6666,31.914496,118.782995
2018-05-12 17:35:16+08:00,6666,31.914516,118.782998
2018-05-12 17:35:16+08:00,6666,31.914729,118.782961
2018-05-12 17:35:16+08:00,6666,31.914597,118.782122
2018-05-12 17:35:16+08:00,6666,31.914746,118.782973
2018-05-12 17:35:16+08:00,6666,31.914534,118.782069
2018-05-12 17:35:16+08:00,6666,31.91477,118.782091
2018-05-12 17:35:16+08:00,6666,31.914491,118.783409
2018-05-12 17:35:16+08:00,6666,31.915187,118.782421
2018-05-12 17:35:16+08:00,6666,31.91504,118.781627
2018-05-12 17:35:16+08:00,6666,31.913107,118.78261
2018-05-12 17:35:16+08:00,6666,31.913139,118.782885
2018-05-12 17:35:16+08:00,6666,31.915572,118.782542
2018-05-12 17:35:16+08:00,6666,31.915601,118.782526
2018-05-12 17:35:16+08:00,6666,31.915606,118.782673
2018-05-12 17:35:16+08:00,6666,31.915591,118.782816
2018-05-12 17:35:16+08:00,6666,31.91318,118.781894
2018-05-12 17:35:16+08:00,6666,31.914656,118.783922
2018-05-12 17:35:16+08:00,6666,31.913211,118.781789
2018-05-12 17:35:16+08:00,6666,31.915727,118.782626
2018-05-12 17:35:16+08:00,6666,31.914043,118.781235
2018-05-12 17:35:16+08:00,6666,31.914691,118.783976
2018-05-12 17:35:16+08:00,6666,31.913436,118.781506
2018-05-12 17:35:16+08:00,6666,31.914002,118.781193
2018-05-12 17:35:16+08:00,6666,31.914085,118.784067
2018-05-12 17:35:16+08:00,6666,31.913051,118.781844
2018-05-12 17:35:16+08:00,6666,31.915876,118.782498
2018-05-12 17:35:16+08:00,6666,31.912993,118.781795
2018-05-12 17:35:16+08:00,6666,31.914742,118.780995
2018-05-12 17:35:16+08:00,6666,31.913018,118.781581
2018-05-12 17:35:16+08:00,6666,31.915984,118.783086
2018-05-12 17:35:16+08:00,6666,31.914197,118.784348
2018-05-12 17:35:16+08:00,6666,31.913917,118.784316
2018-05-12 17:35:16+08:00,6666,31.91281,118.781627
2018-05-12 17:35:16+08:00,6666,31.912516,118.782313
2018-05-12 17:35:16+08:00,6666,31.91572,118.78386
2018-05-12 17:35:16+08:00,6666,31.912835,118.781481
2018-05-12 17:35:16+08:00,6666,31.912615,118.781691
2018-05-12 17:35:16+08:00,6666,31.915687,118.784006
2018-05-12 17:35:16+08:00,6666,31.916248,118.783048
2018-05-12 17:35:16+08:00,6666,31.91571,118.784057
2018-05-12 17:35:16+08:00,6666,31.916366,118.782526
2018-05-12 17:35:16+08:00,6666,31.912437,118.781681
2018-05-12 17:35:16+08:00,6666,31.912493,118.781537
2018-05-12 17:35:16+08:00,6666,31.915939,118.784078
2018-05-12 17:35:16+08:00,6666,31.914817,118.784789
2018-05-12 17:35:16+08:00,6666,31.914831,118.784813
2018-05-12 17:35:16+08:00,6666,31.913145,118.784579
2018-05-12 17:35:16+08:00,6666,31.912672,118.784234
2018-05-12 17:35:16+08:00,6666,31.911964,118.78281
2018-05-12 17:35:16+08:00,6666,31.912582,118.784298
2018-05-12 17:35:16+08:00,6666,31.911992,118.781826
2018-05-12 17:35:16+08:00,6666,31.916527,118.783939
2018-05-12 17:35:16+08:00,6666,31.916435,118.784139
2018-05-12 17:35:16+08:00,6666,31.914746,118.785253
2018-05-12 17:35:16+08:00,6666,31.912016,118.784068
2018-05-12 17:35:16+08:00,6666,31.913342,118.785307
2018-05-12 17:35:16+08:00,6666,31.913151,118.785322
2018-05-12 17:35:16+08:00,6666,31.915502,118.785453
2018-05-12 17:35:16+08:00,6666,31.914648,118.790748
2018-05-12 17:35:16+08:00,6666,31.914331,118.790256
2018-05-12 17:35:16+08:00,6666,31.914514,118.790938
2018-05-12 17:35:16+08:00,6666,31.914699,118.790878
2018-05-12 17:35:16+08:00,6666,31.914569,118.791008
2018-05-12 17:35:16+08:00,6666,31.914464,118.791077
2018-05-12 17:35:16+08:00,6666,31.914554,118.791046
2018-05-12 17:35:16+08:00,6666,31.914587,118.791031
2018-05-12 17:35:16+08:00,6666,31.914225,118.791139
2018-05-12 17:35:16+08:00,6666,31.914435,118.791142
2018-05-12 17:35:16+08:00,6666,31.914799,118.790277
2018-05-12 17:35:16+08:00,6666,31.914602,118.79117
2018-05-12 17:35:16+08:00,6666,31.914756,118.791092
2018-05-12 17:35:16+08:00,6666,31.914685,118.791165
2018-05-12 17:35:16+08:00,6666,31.914698,118.790027
2018-05-12 17:35:16+08:00,6666,31.914855,118.790116
2018-05-12 17:35:16+08:00,6666,31.91459,118.791277
2018-05-12 17:35:16+08:00,6666,31.914034,118.789952
2018-05-12 17:35:16+08:00,6666,31.913635,118.790871
2018-05-12 17:35:16+08:00,6666,31.91421,118.791354
2018-05-12 17:35:16+08:00,6666,31.91358,118.79076
2018-05-12 17:35:16+08:00,6666,31.914261,118.789812
2018-05-12 17:35:16+08:00,6666,31.91423,118.791475
2018-05-12 17:35:16+08:00,6666,31.914174,118.791472
2018-05-12 17:35:16+08:00,6666,31.914159,118.791474
2018-05-12 17:35:16+08:00,6666,31.913501,118.790942
2018-05-12 17:35:16+08:00,6666,31.913512,118.790977
2018-05-12 17:35:16+08:00,6666,31.913564,118.790076
2018-05-12 17:35:16+08:00,6666,31.9141,118.791527
2018-05-12 17:35:16+08:00,6666,31.914047,118.791512
2018-05-12 17:35:16+08:00,6666,31.913468,118.791008
2018-05-12 17:35:16+08:00,6666,31.913485,118.791079
2018-05-12 17:35:16+08:00,6666,31.914055,118.791542
2018-05-12 17:35:16+08:00,6666,31.91409,118.791559
2018-05-12 17:35:16+08:00,6666,31.914057,118.791555
2018-05-12 17:35:16+08:00,6666,31.913463,118.791076
2018-05-12 17:35:16+08:00,6666,31.914264,118.791599
2018-05-12 17:35:16+08:00,6666,31.913471,118.791106
2018-05-12 17:35:16+08:00,6666,31.914139,118.791585
2018-05-12 17:35:16+08:00,6666,31.913499,118.79116
2018-05-12 17:35:16+08:00,6666,31.91349,118.791152
2018-05-12 17:35:16+08:00,6666,31.913487,118.791157
2018-05-12 17:35:16+08:00,6666,31.914106,118.791594
2018-05-12 17:35:16+08:00,6666,31.913939,118.79154
2018-05-12 17:35:16+08:00,6666,31.913482,118.79116
2018-05-12 17:35:16+08:00,6666,31.91331,118.790573
2018-05-12 17:35:16+08:00,6666,31.91398,118.791569
2018-05-12 17:35:16+08:00,6666,31.91405,118.791594
2018-05-12 17:35:16+08:00,6666,31.913446,118.791144
2018-05-12 17:35:16+08:00,6666,31.914004,118.791592
2018-05-12 17:35:16+08:00,6666,31.913398,118.791076
2018-05-12 17:35:16+08:00,6666,31.91411,118.791633
2018-05-12 17:35:16+08:00,6666,31.914106,118.791633
2018-05-12 17:35:16+08:00,6666,31.913446,118.791175
2018-05-12 17:35:16+08:00,6666,31.914085,118.791633
2018-05-12 17:35:16+08:00,6666,31.91405,118.791624
2018-05-12 17:35:16+08:00,6666,31.913867,118.791554
2018-05-12 17:35:16+08:00,6666,31.915323,118.790993
2018-05-12 17:35:16+08:00,6666,31.913392,118.790116
2018-05-12 17:35:16+08:00,6666,31.914142,118.791654
2018-05-12 17:35:16+08:00,6666,31.91411,118.791648
2018-05-12 17:35:16+08:00,6666,31.914085,118.791648
2018-05-12 17:35:16+08:00,6666,31.914028,118.791633
2018-05-12 17:35:16+08:00,6666,31.914049,118.791648
2018-05-12 17:35:16+08:00,6666,31.914085,118.791663
2018-05-12 17:35:16+08:00,6666,31.914134,118.791678
2018-05-12 17:35:16+08:00,6666,31.913991,118.791648
2018-05-12 17:35:16+08:00,6666,31.914064,118.79167
2018-05-12 17:35:16+08:00,6666,31.91523,118.789961
2018-05-12 17:35:16+08:00,6666,31.914012,118.791663
2018-05-12 17:35:16+08:00,6666,31.913999,118.791663
2018-05-12 17:35:16+08:00,6666,31.914049,118.791678
2018-05-12 17:35:16+08:00,6666,31.913959,118.79165
2018-05-12 17:35:16+08:00,6666,31.913944,118.791648
2018-05-12 17:35:16+08:00,6666,31.913375,118.791175
2018-05-12 17:35:16+08:00,6666,31.913999,118.79167
2018-05-12 17:35:16+08:00,6666,31.913495,118.791344
2018-05-12 17:35:16+08:00,6666,31.91397,118.791663
2018-05-12 17:35:16+08:00,6666,31.913317,118.791076
2018-05-12 17:35:16+08:00,6666,31.913245,118.790878
2018-05-12 17:35:16+08:00,6666,31.914306,118.79173
2018-05-12 17:35:16+08:00,6666,31.913537,118.7914
2018-05-12 17:35:16+08:00,6666,31.91393,118.791663
2018-05-12 17:35:16+08:00,6666,31.913927,118.791663
2018-05-12 17:35:16+08:00,6666,31.914418,118.791745
2018-05-12 17:35:16+08:00,6666,31.913515,118.791409
2018-05-12 17:35:16+08:00,6666,31.913492,118.791394
2018-05-12 17:35:16+08:00,6666,31.913174,118.790558
2018-05-12 17:35:16+08:00,6666,31.913937,118.791702
2018-05-12 17:35:16+08:00,6666,31.913994,118.791727
2018-05-12 17:35:16+08:00,6666,31.913265,118.791132
2018-05-12 17:35:16+08:00,6666,31.913224,118.791046
2018-05-12 17:35:16+08:00,6666,31.913165,118.79089
2018-05-12 17:35:16+08:00,6666,31.913477,118.791462
2018-05-12 17:35:16+08:00,6666,31.915264,118.789811
2018-05-12 17:35:16+08:00,6666,31.913191,118.79106
2018-05-12 17:35:16+08:00,6666,31.915296,118.789826
2018-05-12 17:35:16+08:00,6666,31.913469,118.791505
2018-05-12 17:35:16+08:00,6666,31.915357,118.789857
2018-05-12 17:35:16+08:00,6666,31.915404,118.789926
2018-05-12 17:35:16+08:00,6666,31.916609,118.787823
2018-05-12 17:35:16+08:00,6666,31.91587,118.789354
2018-05-12 17:35:16+08:00,6666,31.916347,118.78745
2018-05-12 17:35:16+08:00,6666,31.915782,118.789623
2018-05-12 17:35:16+08:00,6666,31.916315,118.78742
2018-05-12 17:35:16+08:00,6666,31.916267,118.78742
2018-05-12 17:35:16+08:00,6666,31.917453,118.788154
2018-05-12 17:35:16+08:00,6666,31.915796,118.789682
2018-05-12 17:35:16+08:00,6666,31.916364,118.787387
2018-05-12 17:35:16+08:00,6666,31.915469,118.787747
2018-05-12 17:35:16+08:00,6666,31.915845,118.789728
2018-05-12 17:35:16+08:00,6666,31.915784,118.789788
2018-05-12 17:35:16+08:00,6666,31.917642,118.788274
2018-05-12 17:35:16+08:00,6666,31.915837,118.789857
2018-05-12 17:35:16+08:00,6666,31.915837,118.789872
2018-05-12 17:35:16+08:00,6666,31.917597,118.788047
2018-05-12 17:35:16+08:00,6666,31.915846,118.789906
2018-05-12 17:35:16+08:00,6666,31.915607,118.789794
2018-05-12 17:35:16+08:00,6666,31.916023,118.787191
2018-05-12 17:35:16+08:00,6666,31.91568,118.789903
2018-05-12 17:35:16+08:00,6666,31.915036,118.787952
2018-05-12 17:35:16+08:00,6666,31.915256,118.787594
2018-05-12 17:35:16+08:00,6666,31.915604,118.789903
2018-05-12 17:35:16+08:00,6666,31.915358,118.78748
2018-05-12 17:35:16+08:00,6666,31.915756,118.789987
2018-05-12 17:35:16+08:00,6666,31.915454,118.789826
2018-05-12 17:35:16+08:00,6666,31.914996,118.787879
2018-05-12 17:35:16+08:00,6666,31.915372,118.789801
2018-05-12 17:35:16+08:00,6666,31.914817,118.788364
2018-05-12 17:35:16+08:00,6666,31.917857,118.788326
2018-05-12 17:35:16+08:00,6666,31.917825,118.788105
2018-05-12 17:35:16+08:00,6666,31.915362,118.789862
2018-05-12 17:35:16+08:00,6666,31.915369,118.789872
2018-05-12 17:35:16+08:00,6666,31.917801,118.787632
2018-05-12 17:35:16+08:00,6666,31.914623,118.788184
2018-05-12 17:35:16+08:00,6666,31.914695,118.787808
2018-05-12 17:35:16+08:00,6666,31.917898,118.787645
2018-05-12 17:35:16+08:00,6666,31.916987,118.786886
2018-05-12 17:35:16+08:00,6666,31.916466,118.786771
2018-05-12 17:35:16+08:00,6666,31.914497,118.788436
2018-05-12 17:35:16+08:00,6666,31.916972,118.786832
2018-05-12 17:35:16+08:00,6666,31.916381,118.790491
2018-05-12 17:35:16+08:00,6666,31.914454,118.788873
2018-05-12 17:35:16+08:00,6666,31.916682,118.786727
2018-05-12 17:35:16+08:00,6666,31.914543,118.7879
2018-05-12 17:35:16+08:00,6666,31.917555,118.790106
2018-05-12 17:35:16+08:00,6666,31.914494,118.787954
2018-05-12 17:35:16+08:00,6666,31.91448,118.787976
2018-05-12 17:35:16+08:00,6666,31.914448,118.787962
2018-05-12 17:35:16+08:00,6666,31.914441,118.787967
2018-05-12 17:35:16+08:00,6666,31.914388,118.788137
2018-05-12 17:35:16+08:00,6666,31.914411,118.787976
2018-05-12 17:35:16+08:00,6666,31.915845,118.790576
2018-05-12 17:35:16+08:00,6666,31.914266,118.788245
2018-05-12 17:35:16+08:00,6666,31.917292,118.786703
2018-05-12 17:35:16+08:00,6666,31.917822,118.790147
2018-05-12 17:35:16+08:00,6666,31.915542,118.786591
2018-05-12 17:35:16+08:00,6666,31.91636,118.790817
2018-05-12 17:35:16+08:00,6666,31.916271,118.790916
2018-05-12 17:35:16+08:00,6666,31.916442,118.79094
2018-05-12 17:35:16+08:00,6666,31.917974,118.790379
2018-05-12 17:35:16+08:00,6666,31.914927,118.786615
2018-05-12 17:35:16+08:00,6666,31.913913,118.788115
2018-05-12 17:35:16+08:00,6666,31.914879,118.786531
2018-05-12 17:35:16+08:00,6666,31.917057,118.786101
2018-05-12 17:35:16+08:00,6666,31.914126,118.787076
2018-05-12 17:35:16+08:00,6666,31.914991,118.786269
2018-05-12 17:35:16+08:00,6666,31.915914,118.791329
2018-05-12 17:35:16+08:00,6666,31.916278,118.791509
2018-05-12 17:35:17+08:00,6666,31.911594,118.783467
2018-05-12 17:35:17+08:00,6666,31.911244,118.783105
2018-05-12 17:35:17+08:00,6666,31.911208,118.782084
2018-05-12 17:35:17+08:00,6666,31.910925,118.78237
2018-05-12 17:35:17+08:00,6666,31.910829,118.782578
2018-05-12 17:35:17+08:00,6666,31.910926,118.782015
2018-05-12 17:35:17+08:00,6666,31.911894,118.784106
2018-05-12 17:35:17+08:00,6666,31.910804,118.78302
2018-05-12 17:35:17+08:00,6666,31.910792,118.782137
2018-05-12 17:35:17+08:00,6666,31.910955,118.783457
2018-05-12 17:35:17+08:00,6666,31.911369,118.781277
2018-05-12 17:35:17+08:00,6666,31.910539,118.782633
2018-05-12 17:35:17+08:00,6666,31.911688,118.784308
2018-05-12 17:35:17+08:00,6666,31.910965,118.783821
2018-05-12 17:35:17+08:00,6666,31.910661,118.781854
2018-05-12 17:35:17+08:00,6666,31.910712,118.783574
2018-05-12 17:35:17+08:00,6666,31.910522,118.783342
2018-05-12 17:35:17+08:00,6666,31.911081,118.781026
2018-05-12 17:35:17+08:00,6666,31.910616,118.781496
2018-05-12 17:35:17+08:00,6666,31.910243,118.782382
2018-05-12 17:35:17+08:00,6666,31.910375,118.781801
2018-05-12 17:35:17+08:00,6666,31.910278,118.783189
2018-05-12 17:35:17+08:00,6666,31.91023,118.782181
2018-05-12 17:35:17+08:00,6666,31.910189,118.78306
2018-05-12 17:35:17+08:00,6666,31.910242,118.783295
2018-05-12 17:35:17+08:00,6666,31.910148,118.782115
2018-05-12 17:35:17+08:00,6666,31.910196,118.783304
2018-05-12 17:35:17+08:00,6666,31.910111,118.782239
2018-05-12 17:35:17+08:00,6666,31.910356,118.781527
2018-05-12 17:35:17+08:00,6666,31.910094,118.782216
2018-05-12 17:35:17+08:00,6666,31.910275,118.781635
2018-05-12 17:35:17+08:00,6666,31.910376,118.783836
2018-05-12 17:35:17+08:00,6666,31.910007,118.782343
2018-05-12 17:35:17+08:00,6666,31.910581,118.781042
2018-05-12 17:35:17+08:00,6666,31.910009,118.78306
2018-05-12 17:35:17+08:00,6666,31.910346,118.783936
2018-05-12 17:35:17+08:00,6666,31.909946,118.782298
2018-05-12 17:35:17+08:00,6666,31.910056,118.781817
2018-05-12 17:35:17+08:00,6666,31.91008,118.783502
2018-05-12 17:35:17+08:00,6666,31.90992,118.782854
2018-05-12 17:35:17+08:00,6666,31.910291,118.783921
2018-05-12 17:35:17+08:00,6666,31.910045,118.783445
2018-05-12 17:35:17+08:00,6666,31.91001,118.781856
2018-05-12 17:35:17+08:00,6666,31.909898,118.782298
2018-05-12 17:35:17+08:00,6666,31.910298,118.783989
2018-05-12 17:35:17+08:00,6666,31.910069,118.783632
2018-05-12 17:35:17+08:00,6666,31.910319,118.784089
2018-05-12 17:35:17+08:00,6666,31.910413,118.784264
2018-05-12 17:35:17+08:00,6666,31.909852,118.782053
2018-05-12 17:35:17+08:00,6666,31.909959,118.783594
2018-05-12 17:35:17+08:00,6666,31.910068,118.784061
2018-05-12 17:35:17+08:00,6666,31.910254,118.784536
2018-05-12 17:35:17+08:00,6666,31.910815,118.785017
2018-05-12 17:35:17+08:00,6666,31.910749,118.785026
2018-05-12 17:35:17+08:00,6666,31.910772,118.785042
2018-05-12 17:35:17+08:00,6666,31.9107,118.785079
2018-05-12 17:35:17+08:00,6666,31.912774,118.785552
2018-05-12 17:35:17+08:00,6666,31.910728,118.785117
2018-05-12 17:35:17+08:00,6666,31.910993,118.78527
2018-05-12 17:35:17+08:00,6666,31.913603,118.788539
2018-05-12 17:35:17+08:00,6666,31.913556,118.78857
2018-05-12 17:35:17+08:00,6666,31.913678,118.787985
2018-05-12 17:35:17+08:00,6666,31.913711,118.787708
2018-05-12 17:35:17+08:00,6666,31.91336,118.787625
2018-05-12 17:35:17+08:00,6666,31.913061,118.78794
2018-05-12 17:35:17+08:00,6666,31.912909,118.788374
2018-05-12 17:35:17+08:00,6666,31.912828,118.788678
2018-05-12 17:35:17+08:00,6666,31.912884,118.788189
2018-05-12 17:35:17+08:00,6666,31.913107,118.789545
2018-05-12 17:35:17+08:00,6666,31.912699,118.788123
2018-05-12 17:35:17+08:00,6666,31.912694,118.788
2018-05-12 17:35:17+08:00,6666,31.913185,118.787283
2018-05-12 17:35:17+08:00,6666,31.912834,118.787674
2018-05-12 17:35:17+08:00,6666,31.912708,118.787869
2018-05-12 17:35:17+08:00,6666,31.912787,118.787715
2018-05-12 17:35:17+08:00,6666,31.912904,118.787445
2018-05-12 17:35:17+08:00,6666,31.912661,118.787731
2018-05-12 17:35:17+08:00,6666,31.912546,118.787974
2018-05-12 17:35:17+08:00,6666,31.912745,118.787567
2018-05-12 17:35:17+08:00,6666,31.912732,118.787487
2018-05-12 17:35:17+08:00,6666,31.912525,118.787832
2018-05-12 17:35:17+08:00,6666,31.912615,118.787645
2018-05-12 17:35:17+08:00,6666,31.912845,118.787251
2018-05-12 17:35:17+08:00,6666,31.912524,118.787693
2018-05-12 17:35:17+08:00,6666,31.912572,118.787548
2018-05-12 17:35:17+08:00,6666,31.912729,118.787314
2018-05-12 17:35:17+08:00,6666,31.912535,118.787535
2018-05-12 17:35:17+08:00,6666,31.912535,118.787533
2018-05-12 17:35:17+08:00,6666,31.912316,118.787808
2018-05-12 17:35:17+08:00,6666,31.912561,118.789987
2018-05-12 17:35:17+08:00,6666,31.912087,118.788836
2018-05-12 17:35:17+08:00,6666,31.912114,118.788093
2018-05-12 17:35:17+08:00,6666,31.912135,118.789209
2018-05-12 17:35:17+08:00,6666,31.912807,118.790335
2018-05-12 17:35:17+08:00,6666,31.912976,118.790474
2018-05-12 17:35:17+08:00,6666,31.912414,118.787292
2018-05-12 17:35:17+08:00,6666,31.913828,118.786316
2018-05-12 17:35:17+08:00,6666,31.910108,118.784453
2018-05-12 17:35:17+08:00,6666,31.910574,118.785026
2018-05-12 17:35:17+08:00,6666,31.909881,118.784328
2018-05-12 17:35:17+08:00,6666,31.910565,118.785182
2018-05-12 17:35:17+08:00,6666,31.91045,118.785265
2018-05-12 17:35:17+08:00,6666,31.910715,118.785165
2018-05-12 17:35:17+08:00,6666,31.910317,118.785287
2018-05-12 17:35:17+08:00,6666,31.910717,118.785194
2018-05-12 17:35:17+08:00,6666,31.91074,118.785179
2018-05-12 17:35:17+08:00,6666,31.910688,118.78527
2018-05-12 17:35:17+08:00,6666,31.910067,118.785323
2018-05-12 17:35:17+08:00,6666,31.91081,118.785209
2018-05-12 17:35:17+08:00,6666,31.909499,118.784573
2018-05-12 17:35:17+08:00,6666,31.910721,118.785385
2018-05-12 17:35:17+08:00,6666,31.910924,118.785297
2018-05-12 17:35:17+08:00,6666,31.910967,118.785265
2018-05-12 17:35:17+08:00,6666,31.910937,118.785363
2018-05-12 17:35:17+08:00,6666,31.909803,118.783776
2018-05-12 17:35:17+08:00,6666,31.910434,118.785591
2018-05-12 17:35:17+08:00,6666,31.910968,118.785395
2018-05-12 17:35:17+08:00,6666,31.910824,118.785526
2018-05-12 17:35:17+08:00,6666,31.910652,118.785641
2018-05-12 17:35:17+08:00,6666,31.910333,118.785712
2018-05-12 17:35:17+08:00,6666,31.91035,118.785811
2018-05-12 17:35:17+08:00,6666,31.910572,118.785799
2018-05-12 17:35:17+08:00,6666,31.911079,118.785632
2018-05-12 17:35:17+08:00,6666,31.909729,118.783487
2018-05-12 17:35:17+08:00,6666,31.909286,118.783875
2018-05-12 17:35:17+08:00,6666,31.909124,118.784174
2018-05-12 17:35:17+08:00,6666,31.910742,118.785854
2018-05-12 17:35:17+08:00,6666,31.911118,118.785666
2018-05-12 17:35:17+08:00,6666,31.911195,118.785643
2018-05-12 17:35:17+08:00,6666,31.911198,118.785666
2018-05-12 17:35:17+08:00,6666,31.911118,118.785727
2018-05-12 17:35:17+08:00,6666,31.911248,118.785628
2018-05-12 17:35:17+08:00,6666,31.911162,118.785727
2018-05-12 17:35:17+08:00,6666,31.911191,118.785712
2018-05-12 17:35:17+08:00,6666,31.911212,118.785696
2018-05-12 17:35:17+08:00,6666,31.910874,118.78591
2018-05-12 17:35:17+08:00,6666,31.910981,118.785881
2018-05-12 17:35:17+08:00,6666,31.911231,118.785727
2018-05-12 17:35:17+08:00,6666,31.91113,118.785811
2018-05-12 17:35:17+08:00,6666,31.910655,118.78604
2018-05-12 17:35:17+08:00,6666,31.911047,118.785892
2018-05-12 17:35:17+08:00,6666,31.911181,118.785836
2018-05-12 17:35:17+08:00,6666,31.911204,118.785854
2018-05-12 17:35:17+08:00,6666,31.910373,118.7862
2018-05-12 17:35:17+08:00,6666,31.911092,118.786087
2018-05-12 17:35:17+08:00,6666,31.911224,118.786029
2018-05-12 17:35:17+08:00,6666,31.911244,118.786182
2018-05-12 17:35:17+08:00,6666,31.911176,118.78623
2018-05-12 17:35:17+08:00,6666,31.911179,118.78623
2018-05-12 17:35:17+08:00,6666,31.911326,118.786167
2018-05-12 17:35:17+08:00,6666,31.911164,118.786262
2018-05-12 17:35:17+08:00,6666,31.911227,118.78623
2018-05-12 17:35:17+08:00,6666,31.908785,118.783567
2018-05-12 17:35:17+08:00,6666,31.911236,118.786259
2018-05-12 17:35:17+08:00,6666,31.910629,118.786474
2018-05-12 17:35:17+08:00,6666,31.911272,118.786301
2018-05-12 17:35:17+08:00,6666,31.911382,118.786246
2018-05-12 17:35:17+08:00,6666,31.910507,118.786557
2018-05-12 17:35:17+08:00,6666,31.91068,118.786535
2018-05-12 17:35:17+08:00,6666,31.911226,118.786359
2018-05-12 17:35:17+08:00,6666,31.90922,118.782982
2018-05-12 17:35:17+08:00,6666,31.911096,118.786428
2018-05-12 17:35:17+08:00,6666,31.913265,118.77851
2018-05-12 17:35:17+08:00,6666,31.913599,118.77837
2018-05-12 17:35:17+08:00,6666,31.913309,118.778415
2018-05-12 17:35:17+08:00,6666,31.913333,118.77839
2018-05-12 17:35:17+08:00,6666,31.913872,118.777595
2018-05-12 17:35:17+08:00,6666,31.918885,118.783777
2018-05-12 17:35:17+08:00,6666,31.917056,118.782916
2018-05-12 17:35:17+08:00,6666,31.917702,118.784616
2018-05-12 17:35:17+08:00,6666,31.917369,118.784733
2018-05-12 17:35:17+08:00,6666,31.917238,118.785104
2018-05-12 17:35:17+08:00,6666,31.916446,118.784773
2018-05-12 17:35:17+08:00,6666,31.91715,118.78524
2018-05-12 17:35:17+08:00,6666,31.917215,118.785312
2018-05-12 17:35:17+08:00,6666,31.91688,118.785156
2018-05-12 17:35:17+08:00,6666,31.917045,118.78527
2018-05-12 17:35:17+08:00,6666,31.916996,118.785262
2018-05-12 17:35:17+08:00,6666,31.917051,118.785343
2018-05-12 17:35:17+08:00,6666,31.916863,118.785485
2018-05-12 17:35:17+08:00,6666,31.9153,118.785657
2018-05-12 17:35:17+08:00,6666,31.912055,118.78672
2018-05-12 17:35:17+08:00,6666,31.912044,118.786672
2018-05-12 17:35:17+08:00,6666,31.911852,118.78719
2018-05-12 17:35:17+08:00,6666,31.9113,118.786344
2018-05-12 17:35:17+08:00,6666,31.911298,118.786388
2018-05-12 17:35:17+08:00,6666,31.911239,118.786374
2018-05-12 17:35:17+08:00,6666,31.911329,118.786458
2018-05-12 17:35:17+08:00,6666,31.911208,118.786413
2018-05-12 17:35:17+08:00,6666,31.91123,118.786428
2018-05-12 17:35:17+08:00,6666,31.911222,118.786428
2018-05-12 17:35:17+08:00,6666,31.911226,118.786458
2018-05-12 17:35:17+08:00,6666,31.911238,118.786468
2018-05-12 17:35:17+08:00,6666,31.911211,118.786458
2018-05-12 17:35:17+08:00,6666,31.91118,118.786473
2018-05-12 17:35:17+08:00,6666,31.911185,118.786481
2018-05-12 17:35:17+08:00,6666,31.910909,118.79017
2018-05-12 17:35:17+08:00,6666,31.910548,118.789845
2018-05-12 17:35:17+08:00,6666,31.909623,118.790009
2018-05-12 17:35:17+08:00,6666,31.911271,118.790657
2018-05-12 17:35:17+08:00,6666,31.911311,118.79046
2018-05-12 17:35:17+08:00,6666,31.911331,118.79029
2018-05-12 17:35:17+08:00,6666,31.909853,118.791598
2018-05-12 17:35:17+08:00,6666,31.910724,118.789536
2018-05-12 17:35:17+08:00,6666,31.911378,118.7912
2018-05-12 17:35:17+08:00,6666,31.911515,118.791106
2018-05-12 17:35:17+08:00,6666,31.910558,118.791891
2018-05-12 17:35:17+08:00,6666,31.911395,118.789773
2018-05-12 17:35:17+08:00,6666,31.911727,118.790947
2018-05-12 17:35:17+08:00,6666,31.911355,118.789598
2018-05-12 17:35:17+08:00,6666,31.910781,118.791983
2018-05-12 17:35:17+08:00,6666,31.911108,118.789371
2018-05-12 17:35:17+08:00,6666,31.911785,118.790863
2018-05-12 17:35:17+08:00,6666,31.91076,118.789141
2018-05-12 17:35:17+08:00,6666,31.911722,118.789942
2018-05-12 17:35:17+08:00,6666,31.911717,118.789766
2018-05-12 17:35:17+08:00,6666,31.9105,118.792234
2018-05-12 17:35:17+08:00,6666,31.908701,118.790801
2018-05-12 17:35:17+08:00,6666,31.911876,118.789929
2018-05-12 17:35:17+08:00,6666,31.911382,118.789287
2018-05-12 17:35:17+08:00,6666,31.911899,118.789919
2018-05-12 17:35:17+08:00,6666,31.912018,118.790908
2018-05-12 17:35:17+08:00,6666,31.911471,118.789324
2018-05-12 17:35:17+08:00,6666,31.911165,118.789094
2018-05-12 17:35:17+08:00,6666,31.910794,118.788921
2018-05-12 17:35:17+08:00,6666,31.911907,118.789784
2018-05-12 17:35:17+08:00,6666,31.911896,118.789741
2018-05-12 17:35:17+08:00,6666,31.91171,118.789438
2018-05-12 17:35:17+08:00,6666,31.911807,118.789465
2018-05-12 17:35:17+08:00,6666,31.911646,118.789194
2018-05-12 17:35:17+08:00,6666,31.91153,118.789088
2018-05-12 17:35:17+08:00,6666,31.911683,118.789207
2018-05-12 17:35:17+08:00,6666,31.90872,118.791701
2018-05-12 17:35:17+08:00,6666,31.912297,118.790749
2018-05-12 17:35:17+08:00,6666,31.908587,118.789697
2018-05-12 17:35:17+08:00,6666,31.91231,118.790485
2018-05-12 17:35:17+08:00,6666,31.908329,118.790512
2018-05-12 17:35:17+08:00,6666,31.911812,118.789208
2018-05-12 17:35:17+08:00,6666,31.912296,118.789981
2018-05-12 17:35:17+08:00,6666,31.911218,118.788743
2018-05-12 17:35:17+08:00,6666,31.910379,118.788539
2018-05-12 17:35:17+08:00,6666,31.911728,118.789073
2018-05-12 17:35:17+08:00,6666,31.911159,118.788706
2018-05-12 17:35:17+08:00,6666,31.90856,118.791677
2018-05-12 17:35:17+08:00,6666,31.912395,118.790344
2018-05-12 17:35:17+08:00,6666,31.908443,118.791473
2018-05-12 17:35:17+08:00,6666,31.908556,118.791723
2018-05-12 17:35:17+08:00,6666,31.912427,118.790932
2018-05-12 17:35:17+08:00,6666,31.90891,118.792171
2018-05-12 17:35:17+08:00,6666,31.912431,118.790261
2018-05-12 17:35:17+08:00,6666,31.911333,118.78868
2018-05-12 17:35:17+08:00,6666,31.912499,118.790848
2018-05-12 17:35:17+08:00,6666,31.908386,118.791683
2018-05-12 17:35:17+08:00,6666,31.912425,118.791475
2018-05-12 17:35:17+08:00,6666,31.911192,118.788509
2018-05-12 17:35:17+08:00,6666,31.912565,118.79105
2018-05-12 17:35:17+08:00,6666,31.910701,118.788354
2018-05-12 17:35:17+08:00,6666,31.90832,118.791696
2018-05-12 17:35:17+08:00,6666,31.912486,118.791452
2018-05-12 17:35:17+08:00,6666,31.911148,118.78844
2018-05-12 17:35:17+08:00,6666,31.91251,118.79143
2018-05-12 17:35:17+08:00,6666,31.911723,118.788737
2018-05-12 17:35:17+08:00,6666,31.912638,118.791104
2018-05-12 17:35:17+08:00,6666,31.912648,118.791114
2018-05-12 17:35:17+08:00,6666,31.911306,118.788409
2018-05-12 17:35:17+08:00,6666,31.908296,118.791888
2018-05-12 17:35:17+08:00,6666,31.91192,118.788767
2018-05-12 17:35:17+08:00,6666,31.912708,118.791119
2018-05-12 17:35:17+08:00,6666,31.911696,118.792622
2018-05-12 17:35:17+08:00,6666,31.912692,118.791334
2018-05-12 17:35:17+08:00,6666,31.912694,118.791356
2018-05-12 17:35:17+08:00,6666,31.912818,118.790641
2018-05-12 17:35:17+08:00,6666,31.911024,118.788218
2018-05-12 17:35:17+08:00,6666,31.910392,118.788119
2018-05-12 17:35:17+08:00,6666,31.912745,118.791256
2018-05-12 17:35:17+08:00,6666,31.912771,118.791158
2018-05-12 17:35:17+08:00,6666,31.912652,118.791564
2018-05-12 17:35:17+08:00,6666,31.912744,118.791383
2018-05-12 17:35:17+08:00,6666,31.91285,118.791052
2018-05-12 17:35:17+08:00,6666,31.909756,118.788119
2018-05-12 17:35:17+08:00,6666,31.911572,118.788365
2018-05-12 17:35:17+08:00,6666,31.912664,118.791734
2018-05-12 17:35:17+08:00,6666,31.90932,118.78818
2018-05-12 17:35:17+08:00,6666,31.912904,118.791192
2018-05-12 17:35:17+08:00,6666,31.912935,118.7911
2018-05-12 17:35:17+08:00,6666,31.910486,118.786603
2018-05-12 17:35:17+08:00,6666,31.910558,118.786718
2018-05-12 17:35:17+08:00,6666,31.910576,118.786702
2018-05-12 17:35:17+08:00,6666,31.910633,118.786653
2018-05-12 17:35:17+08:00,6666,31.9106,118.786801
2018-05-12 17:35:17+08:00,6666,31.910925,118.786578
2018-05-12 17:35:17+08:00,6666,31.91101,118.786668
2018-05-12 17:35:17+08:00,6666,31.911048,118.786665
2018-05-12 17:35:17+08:00,6666,31.911073,118.786631
2018-05-12 17:35:17+08:00,6666,31.911115,118.78655
2018-05-12 17:35:17+08:00,6666,31.911133,118.786849
2018-05-12 17:35:17+08:00,6666,31.910354,118.787614
2018-05-12 17:35:17+08:00,6666,31.910899,118.787489
2018-05-12 17:35:17+08:00,6666,31.911074,118.787617
2018-05-12 17:35:17+08:00,6666,31.909428,118.787535
2018-05-12 17:35:17+08:00,6666,31.910034,118.787874
2018-05-12 17:35:17+08:00,6666,31.909774,118.787821
2018-05-12 17:35:17+08:00,6666,31.911569,118.787329
2018-05-12 17:35:17+08:00,6666,31.911563,118.787533
2018-05-12 17:35:17+08:00,6666,31.909252,118.787774
2018-05-12 17:35:17+08:00,6666,31.91125,118.788088
2018-05-12 17:35:17+08:00,6666,31.911681,118.788149
2018-05-12 17:35:17+08:00,6666,31.911829,118.788298
2018-05-12 17:35:17+08:00,6666,31.91822,118.791002
2018-05-12 17:35:17+08:00,6666,31.918187,118.791145
2018-05-12 17:35:17+08:00,6666,31.918648,118.791073
2018-05-12 17:35:17+08:00,6666,31.918388,118.791199
2018-05-12 17:35:17+08:00,6666,31.918451,118.791283
2018-05-12 17:35:17+08:00,6666,31.918414,118.791328
2018-05-12 17:35:17+08:00,6666,31.918263,118.791358
2018-05-12 17:35:17+08:00,6666,31.918258,118.79138
2018-05-12 17:35:17+08:00,6666,31.91906,118.790948
2018-05-12 17:35:17+08:00,6666,31.918504,118.791398
2018-05-12 17:35:17+08:00,6666,31.918633,118.791373
2018-05-12 17:35:17+08:00,6666,31.918044,118.791395
2018-05-12 17:35:17+08:00,6666,31.919232,118.790329
2018-05-12 17:35:17+08:00,6666,31.918528,118.791533
2018-05-12 17:35:17+08:00,6666,31.918366,118.791554
2018-05-12 17:35:17+08:00,6666,31.918112,118.791549
2018-05-12 17:35:17+08:00,6666,31.918188,118.791595
2018-05-12 17:35:17+08:00,6666,31.918475,118.79161
2018-05-12 17:35:17+08:00,6666,31.918333,118.791624
2018-05-12 17:35:17+08:00,6666,31.919325,118.790307
2018-05-12 17:35:17+08:00,6666,31.919362,118.790791
2018-05-12 17:35:17+08:00,6666,31.919376,118.790704
2018-05-12 17:35:17+08:00,6666,31.919277,118.790086
2018-05-12 17:35:17+08:00,6666,31.919234,118.791223
2018-05-12 17:35:17+08:00,6666,31.919038,118.791467
2018-05-12 17:35:17+08:00,6666,31.91893,118.791564
2018-05-12 17:35:17+08:00,6666,31.919407,118.790184
2018-05-12 17:35:17+08:00,6666,31.91953,118.790589
2018-05-12 17:35:17+08:00,6666,31.919539,118.790622
2018-05-12 17:35:17+08:00,6666,31.919536,118.790876
2018-05-12 17:35:17+08:00,6666,31.919403,118.791221
2018-05-12 17:35:17+08:00,6666,31.919579,118.790791
2018-05-12 17:35:17+08:00,6666,31.91884,118.791778
2018-05-12 17:35:17+08:00,6666,31.919533,118.791176
2018-05-12 17:35:17+08:00,6666,31.918263,118.791987
2018-05-12 17:35:17+08:00,6666,31.917883,118.791925
2018-05-12 17:35:17+08:00,6666,31.91904,118.79215
2018-05-12 17:35:17+08:00,6666,31.917773,118.792248
2018-05-12 17:35:17+08:00,6666,31.917974,118.792311
2018-05-12 17:35:17+08:00,6666,31.91715,118.792069
2018-05-12 17:35:17+08:00,6666,31.920242,118.791102
2018-05-12 17:35:17+08:00,6666,31.916714,118.79177
2018-05-12 17:35:17+08:00,6666,31.917119,118.792211
2018-05-12 17:35:17+08:00,6666,31.917923,118.792851
2018-05-12 17:35:17+08:00,6666,31.918624,118.793017
2018-05-12 17:35:17+08:00,6666,31.918089,118.793096
2018-05-12 17:35:17+08:00,6666,31.917837,118.793095
2018-05-12 17:35:17+08:00,6666,31.917954,118.793137
2018-05-12 17:35:17+08:00,6666,31.917891,118.793202
2018-05-12 17:35:17+08:00,6666,31.916841,118.792973
2018-05-12 17:35:17+08:00,6666,31.910448,118.780058
2018-05-12 17:35:17+08:00,6666,31.909752,118.781467
2018-05-12 17:35:17+08:00,6666,31.909286,118.781054
2018-05-12 17:35:17+08:00,6666,31.909222,118.781208
2018-05-12 17:35:17+08:00,6666,31.909419,118.781481
2018-05-12 17:35:17+08:00,6666,31.909063,118.781253
2018-05-12 17:35:17+08:00,6666,31.908894,118.780891
2018-05-12 17:35:17+08:00,6666,31.908916,118.781001
2018-05-12 17:35:17+08:00,6666,31.908983,118.781353
2018-05-12 17:35:17+08:00,6666,31.908896,118.781201
2018-05-12 17:35:17+08:00,6666,31.908861,118.781219
2018-05-12 17:35:17+08:00,6666,31.909457,118.781954
2018-05-12 17:35:17+08:00,6666,31.90889,118.781322
2018-05-12 17:35:17+08:00,6666,31.908802,118.781307
2018-05-12 17:35:17+08:00,6666,31.909249,118.781909
2018-05-12 17:35:17+08:00,6666,31.909598,118.782136
2018-05-12 17:35:17+08:00,6666,31.909628,118.78222
2018-05-12 17:35:17+08:00,6666,31.9096,118.782305
2018-05-12 17:35:17+08:00,6666,31.909177,118.782053
2018-05-12 17:35:17+08:00,6666,31.908414,118.781609
2018-05-12 17:35:17+08:00,6666,31.908323,118.781487
2018-05-12 17:35:17+08:00,6666,31.908246,118.781828
2018-05-12 17:35:17+08:00,6666,31.908327,118.782013
2018-05-12 17:35:17+08:00,6666,31.908302,118.782053
2018-05-12 17:35:17+08:00,6666,31.907954,118.781795
2018-05-12 17:35:17+08:00,6666,31.908106,118.782201
2018-05-12 17:35:17+08:00,6666,31.908245,118.78242
2018-05-12 17:35:17+08:00,6666,31.908071,118.782298
2018-05-12 17:35:17+08:00,6666,31.908074,118.782328
2018-05-12 17:35:17+08:00,6666,31.908781,118.783273
2018-05-12 17:35:17+08:00,6666,31.908036,118.782536
2018-05-12 17:35:17+08:00,6666,31.907992,118.782267
2018-05-12 17:35:17+08:00,6666,31.90801,118.783159
2018-05-12 17:35:17+08:00,6666,31.908159,118.783703
2018-05-12 17:35:17+08:00,6666,31.908707,118.788008
2018-05-12 17:35:17+08:00,6666,31.912988,118.790893
2018-05-12 17:35:17+08:00,6666,31.913048,118.790853
2018-05-12 17:35:17+08:00,6666,31.91307,118.790886
2018-05-12 17:35:17+08:00,6666,31.91302,118.791045
2018-05-12 17:35:17+08:00,6666,31.912912,118.791229
2018-05-12 17:35:17+08:00,6666,31.913076,118.791044
2018-05-12 17:35:17+08:00,6666,31.913034,118.791129
2018-05-12 17:35:17+08:00,6666,31.913084,118.791121
2018-05-12 17:35:17+08:00,6666,31.91301,118.791272
2018-05-12 17:35:17+08:00,6666,31.91297,118.791327
2018-05-12 17:35:17+08:00,6666,31.913169,118.79119
2018-05-12 17:35:17+08:00,6666,31.913154,118.791221
2018-05-12 17:35:17+08:00,6666,31.91297,118.791425
2018-05-12 17:35:17+08:00,6666,31.912884,118.791565
2018-05-12 17:35:17+08:00,6666,31.913137,118.791404
2018-05-12 17:35:17+08:00,6666,31.913043,118.791579
2018-05-12 17:35:17+08:00,6666,31.913108,118.791579
2018-05-12 17:35:17+08:00,6666,31.913007,118.791652
2018-05-12 17:35:17+08:00,6666,31.913217,118.791484
2018-05-12 17:35:17+08:00,6666,31.913298,118.7914
2018-05-12 17:35:17+08:00,6666,31.913195,118.791535
2018-05-12 17:35:17+08:00,6666,31.913247,118.791539
2018-05-12 17:35:17+08:00,6666,31.913135,118.791637
2018-05-12 17:35:17+08:00,6666,31.9132,118.791602
2018-05-12 17:35:17+08:00,6666,31.913224,118.791592
